{
  "epoch": [
    60,
    70,
    80,
    90,
    100
  ],
  "train_loss": [
    0,
    0,
    0,
    0,
    0
  ],
  "train_accuracy": [
    0,
    0,
    0,
    0,
    0
  ],
  "val_loss": [
    0,
    0,
    0,
    0,
    0
  ],
  "val_accuracy": [
    0,
    0,
    0,
    0,
    0
  ],
  "learning_rate": [
    3.520365877844013e-05,
    2.1404630011522596e-05,
    1.0453658778440112e-05,
    3.4227024433899027e-06,
    1e-06
  ],
  "epoch_time": [
    0,
    0,
    0,
    0,
    0
  ]
}